{"is_source_file": true, "file_id": 6, "git_revision": "", "state": 3, "description": "", "external_files": [], "external_methods": [], "published": [], "classes": [], "methods": [], "calls": [], "search-terms": [], "ctags": [{"_type": "tag", "name": "app", "path": "/home/kavia/workspace/code-generation/scalable-clean-architecture-template-233876-233886/frontend_app/src/app/app.component.spec.ts", "pattern": "/^    const app = fixture.componentInstance;$/", "language": "TypeScript", "kind": "constant"}, {"_type": "tag", "name": "compiled", "path": "/home/kavia/workspace/code-generation/scalable-clean-architecture-template-233876-233886/frontend_app/src/app/app.component.spec.ts", "pattern": "/^    const compiled = fixture.nativeElement as HTMLElement;$/", "language": "TypeScript", "kind": "constant"}, {"_type": "tag", "name": "fixture", "path": "/home/kavia/workspace/code-generation/scalable-clean-architecture-template-233876-233886/frontend_app/src/app/app.component.spec.ts", "pattern": "/^    const fixture = TestBed.createComponent(AppComponent);$/", "language": "TypeScript", "kind": "constant"}], "format": "TypeScript", "hash": "5bff32fedc85513ebb007e779659ab1b", "format-version": 4, "code-base-name": "frontend_app", "filename": "frontend_app/src/app/app.component.spec.ts", "knowledge_revision": 8}