{"is_source_file": false, "format": "", "description": "", "external_files": [], "external_methods": [], "published": [], "classes": [], "methods": [], "calls": [], "search-terms": [], "state": 2, "file_id": 6, "knowledge_revision": 29, "git_revision": "573ee59d03518d26fac84745d2f9281f259500c3", "ctags": [{"_type": "tag", "name": "app", "path": "/home/kavia/workspace/code-generation/scalable-clean-architecture-template-233876-233886/frontend_app/src/app/app.component.spec.ts", "pattern": "/^    const app = fixture.componentInstance;$/", "language": "TypeScript", "kind": "constant"}, {"_type": "tag", "name": "compiled", "path": "/home/kavia/workspace/code-generation/scalable-clean-architecture-template-233876-233886/frontend_app/src/app/app.component.spec.ts", "pattern": "/^    const compiled = fixture.nativeElement as HTMLElement;$/", "language": "TypeScript", "kind": "constant"}, {"_type": "tag", "name": "fixture", "path": "/home/kavia/workspace/code-generation/scalable-clean-architecture-template-233876-233886/frontend_app/src/app/app.component.spec.ts", "pattern": "/^    const fixture = TestBed.createComponent(AppComponent);$/", "language": "TypeScript", "kind": "constant"}], "hash": "5bff32fedc85513ebb007e779659ab1b", "format-version": 4, "code-base-name": "frontend_app", "filename": "frontend_app/src/app/app.component.spec.ts", "revision_history": [{"29": "573ee59d03518d26fac84745d2f9281f259500c3"}]}