{"is_source_file": false, "format": "", "description": "", "external_files": [], "external_methods": [], "published": [], "classes": [], "methods": [], "calls": [], "search-terms": [], "state": 2, "file_id": 17, "knowledge_revision": 34, "git_revision": "573ee59d03518d26fac84745d2f9281f259500c3", "hash": "448c65f2618eac91cb0718540996359a", "format-version": 4, "code-base-name": "frontend_app", "filename": "frontend_app/README.md", "revision_history": [{"34": "573ee59d03518d26fac84745d2f9281f259500c3"}]}