{"is_source_file": true, "format": "TypeScript", "description": "This file initializes an Angular application by bootstrapping the AppComponent with server-side configuration.", "external_files": ["@angular/platform-browser", "./app/app.component", "./app/app.config.server"], "external_methods": ["bootstrapApplication"], "published": ["bootstrap"], "classes": [], "methods": [{"name": "bootstrap", "description": "Function that calls bootstrapApplication with AppComponent and configuration"}], "calls": ["bootstrapApplication(AppComponent, config)"], "search-terms": ["Angular", "bootstrapApplication", "AppComponent", "server", "main.server.ts", "application bootstrap"], "state": 2, "file_id": 14, "knowledge_revision": 40, "git_revision": "573ee59d03518d26fac84745d2f9281f259500c3", "ctags": [{"_type": "tag", "name": "bootstrap", "path": "/home/kavia/workspace/code-generation/scalable-clean-architecture-template-233876-233886/frontend_app/src/main.server.ts", "pattern": "/^const bootstrap = () => bootstrapApplication(AppComponent, config);$/", "language": "TypeScript", "kind": "constant"}], "hash": "2f67d3e7163632b8f077f15a810789b6", "format-version": 4, "code-base-name": "frontend_app", "filename": "frontend_app/src/main.server.ts", "revision_history": [{"40": "573ee59d03518d26fac84745d2f9281f259500c3"}]}