{"is_source_file": true, "format": "TypeScript", "description": "Angular component source file defining the root application component with its metadata and a title property.", "external_files": ["./app.component.html", "./app.component.css"], "external_methods": [], "published": ["AppComponent"], "classes": [{"name": "AppComponent", "description": "The main application component class for the Angular frontend."}], "methods": [{"name": "AppComponent", "description": "Constructor for the AppComponent class (default)."}], "calls": [], "search-terms": ["Angular", "Component", "app-root", "app.component.ts", "Title property", "Angular decorators"], "state": 2, "file_id": 8, "knowledge_revision": 27, "git_revision": "573ee59d03518d26fac84745d2f9281f259500c3", "ctags": [{"_type": "tag", "name": "AppComponent", "path": "/home/kavia/workspace/code-generation/scalable-clean-architecture-template-233876-233886/frontend_app/src/app/app.component.ts", "pattern": "/^export class AppComponent {$/", "language": "TypeScript", "kind": "class"}, {"_type": "tag", "name": "title", "path": "/home/kavia/workspace/code-generation/scalable-clean-architecture-template-233876-233886/frontend_app/src/app/app.component.ts", "pattern": "/^  title = 'frontend_app is being generated';$/", "language": "TypeScript", "kind": "property", "scope": "AppComponent", "scopeKind": "class"}], "hash": "20e1f6736b4722bc6ddb3804f745c716", "format-version": 4, "code-base-name": "frontend_app", "filename": "frontend_app/src/app/app.component.ts", "fields": [{"name": "title = 'frontend_app is being generated';", "scope": "AppComponent", "scopeKind": "class", "description": "unavailable"}], "revision_history": [{"27": "573ee59d03518d26fac84745d2f9281f259500c3"}]}