{"is_source_file": true, "format": "TypeScript", "description": "This file is a server setup for an Angular Universal (Server-Side Rendering) application using Express. It configures static file serving and server-side rendering endpoints, and starts the server if executed directly.", "external_files": ["@angular/common", "@angular/ssr/node", "express", "node:path", "node:url", "./main.server"], "external_methods": ["isMainModule"], "published": ["app"], "classes": [], "methods": [{"name": "render", "description": "Method from CommonEngine used to render Angular application server-side."}, {"name": "listen", "description": "Method from Express application to start the server on specified port."}], "calls": ["express()", "commonEngine.render", "app.get", "app.listen", "console.log"], "search-terms": ["Angular Universal", "SSR Express server", "Node server setup", "static file serving", "rendering Angular app", "server entry point"], "state": 2, "file_id": 10, "knowledge_revision": 41, "git_revision": "573ee59d03518d26fac84745d2f9281f259500c3", "ctags": [{"_type": "tag", "name": "app", "path": "/home/kavia/workspace/code-generation/scalable-clean-architecture-template-233876-233886/frontend_app/src/server.ts", "pattern": "/^const app = express();$/", "language": "TypeScript", "kind": "constant"}, {"_type": "tag", "name": "baseUrl", "path": "/home/kavia/workspace/code-generation/scalable-clean-architecture-template-233876-233886/frontend_app/src/server.ts", "pattern": "/^  const { protocol, originalUrl, baseUrl, headers } = req;$/", "language": "TypeScript", "kind": "constant"}, {"_type": "tag", "name": "browserDistFolder", "path": "/home/kavia/workspace/code-generation/scalable-clean-architecture-template-233876-233886/frontend_app/src/server.ts", "pattern": "/^const browserDistFolder = resolve(serverDistFolder, '..\\/browser');$/", "language": "TypeScript", "kind": "constant"}, {"_type": "tag", "name": "commonEngine", "path": "/home/kavia/workspace/code-generation/scalable-clean-architecture-template-233876-233886/frontend_app/src/server.ts", "pattern": "/^const commonEngine = new CommonEngine();$/", "language": "TypeScript", "kind": "constant"}, {"_type": "tag", "name": "headers", "path": "/home/kavia/workspace/code-generation/scalable-clean-architecture-template-233876-233886/frontend_app/src/server.ts", "pattern": "/^  const { protocol, originalUrl, baseUrl, headers } = req;$/", "language": "TypeScript", "kind": "constant"}, {"_type": "tag", "name": "indexHtml", "path": "/home/kavia/workspace/code-generation/scalable-clean-architecture-template-233876-233886/frontend_app/src/server.ts", "pattern": "/^const indexHtml = join(serverDistFolder, 'index.server.html');$/", "language": "TypeScript", "kind": "constant"}, {"_type": "tag", "name": "originalUrl", "path": "/home/kavia/workspace/code-generation/scalable-clean-architecture-template-233876-233886/frontend_app/src/server.ts", "pattern": "/^  const { protocol, originalUrl, baseUrl, headers } = req;$/", "language": "TypeScript", "kind": "constant"}, {"_type": "tag", "name": "port", "path": "/home/kavia/workspace/code-generation/scalable-clean-architecture-template-233876-233886/frontend_app/src/server.ts", "pattern": "/^  const port = process.env['PORT'] || 4000;$/", "language": "TypeScript", "kind": "constant"}, {"_type": "tag", "name": "protocol", "path": "/home/kavia/workspace/code-generation/scalable-clean-architecture-template-233876-233886/frontend_app/src/server.ts", "pattern": "/^  const { protocol, originalUrl, baseUrl, headers } = req;$/", "language": "TypeScript", "kind": "constant"}, {"_type": "tag", "name": "serverDistFolder", "path": "/home/kavia/workspace/code-generation/scalable-clean-architecture-template-233876-233886/frontend_app/src/server.ts", "pattern": "/^const serverDistFolder = dirname(fileURLToPath(import.meta.url));$/", "language": "TypeScript", "kind": "constant"}], "hash": "2b01cdd40bb909f26c1bcd609dfb8a51", "format-version": 4, "code-base-name": "frontend_app", "filename": "frontend_app/src/server.ts", "revision_history": [{"41": "573ee59d03518d26fac84745d2f9281f259500c3"}]}