{"is_source_file": false, "format": "", "description": "", "external_files": [], "external_methods": [], "published": [], "classes": [], "methods": [], "calls": [], "search-terms": [], "state": 2, "file_id": 20, "knowledge_revision": 36, "git_revision": "573ee59d03518d26fac84745d2f9281f259500c3", "hash": "01baab25e7c57e65c9edc86e42c126e8", "format-version": 4, "code-base-name": "frontend_app", "filename": "frontend_app/package.json", "revision_history": [{"36": "573ee59d03518d26fac84745d2f9281f259500c3"}]}