{"is_source_file": false, "format": "", "description": "", "external_files": [], "external_methods": [], "published": [], "classes": [], "methods": [], "calls": [], "search-terms": [], "state": 2, "file_id": 15, "knowledge_revision": 31, "git_revision": "573ee59d03518d26fac84745d2f9281f259500c3", "hash": "3bbab7796b2ab5af73dcc4b5f9064535", "format-version": 4, "code-base-name": "frontend_app", "filename": "frontend_app/tsconfig.spec.json", "revision_history": [{"31": "573ee59d03518d26fac84745d2f9281f259500c3"}]}