{"is_source_file": false, "format": "", "description": "", "external_files": [], "external_methods": [], "published": [], "classes": [], "methods": [], "calls": [], "search-terms": [], "state": 2, "file_id": 4, "knowledge_revision": 22, "git_revision": "573ee59d03518d26fac84745d2f9281f259500c3", "hash": "c943f83c5c83b9b7adf2bae69cf658ea", "format-version": 4, "code-base-name": "frontend_app", "filename": "frontend_app/src/app/app.component.html", "revision_history": [{"22": "573ee59d03518d26fac84745d2f9281f259500c3"}]}