{"is_source_file": false, "format": "", "description": "", "external_files": [], "external_methods": [], "published": [], "classes": [], "methods": [], "calls": [], "search-terms": [], "state": 2, "file_id": 12, "knowledge_revision": 33, "git_revision": "573ee59d03518d26fac84745d2f9281f259500c3", "hash": "76952b112594265d2e9481c534c6b718", "format-version": 4, "code-base-name": "frontend_app", "filename": "frontend_app/src/index.html", "revision_history": [{"33": "573ee59d03518d26fac84745d2f9281f259500c3"}]}