{"is_source_file": false, "format": "", "description": "", "external_files": [], "external_methods": [], "published": [], "classes": [], "methods": [], "calls": [], "search-terms": [], "state": 2, "file_id": 16, "knowledge_revision": 30, "git_revision": "573ee59d03518d26fac84745d2f9281f259500c3", "hash": "64cc45ff2b7dc220b2fb18a2e8d96ce8", "format-version": 4, "code-base-name": "frontend_app", "filename": "frontend_app/tsconfig.json", "revision_history": [{"30": "573ee59d03518d26fac84745d2f9281f259500c3"}]}