{"is_source_file": false, "format": "", "description": "", "external_files": [], "external_methods": [], "published": [], "classes": [], "methods": [], "calls": [], "search-terms": [], "state": 2, "file_id": 3, "knowledge_revision": 24, "git_revision": "573ee59d03518d26fac84745d2f9281f259500c3", "hash": "b9a65cdb5bc86c04cfa95119ad2adec6", "format-version": 4, "code-base-name": "frontend_app", "filename": "frontend_app/src/app/app.component.css", "revision_history": [{"24": "573ee59d03518d26fac84745d2f9281f259500c3"}]}