{"is_source_file": true, "format": "TypeScript", "description": "This file defines the routing configuration for an Angular application, specifying the application's routes.", "external_files": ["@angular/router"], "external_methods": [], "published": ["routes"], "classes": [], "methods": [], "calls": [], "search-terms": ["Angular", "routes", "app.routing", "Angular router", "routing configuration"], "state": 2, "file_id": 5, "knowledge_revision": 26, "git_revision": "573ee59d03518d26fac84745d2f9281f259500c3", "ctags": [{"_type": "tag", "name": "routes", "path": "/home/kavia/workspace/code-generation/scalable-clean-architecture-template-233876-233886/frontend_app/src/app/app.routes.ts", "pattern": "/^export const routes: Routes = [];$/", "language": "TypeScript", "kind": "constant"}], "hash": "9e82134f3e41732656270447c4c872fe", "format-version": 4, "code-base-name": "frontend_app", "filename": "frontend_app/src/app/app.routes.ts", "revision_history": [{"26": "573ee59d03518d26fac84745d2f9281f259500c3"}]}