{"is_source_file": true, "format": "TypeScript", "description": "This file is the main entry point for an Angular application, responsible for bootstrapping the root component with the application configuration.", "external_files": ["@angular/platform-browser", "./app/app.config", "./app/app.component"], "external_methods": ["bootstrapApplication"], "published": ["bootstrapApplication"], "classes": [], "methods": [{"name": "bootstrapApplication", "description": "Function to bootstrap an Angular application with a root component and optional configuration."}], "calls": ["bootstrapApplication"], "search-terms": ["main.ts", "Angular bootstrap", "AppComponent", "appConfig", "bootstrapApplication", "entry point"], "state": 2, "file_id": 11, "knowledge_revision": 39, "git_revision": "573ee59d03518d26fac84745d2f9281f259500c3", "ctags": [], "hash": "c986c915181c0d91d6ea1af9fc003131", "format-version": 4, "code-base-name": "frontend_app", "filename": "frontend_app/src/main.ts", "revision_history": [{"39": "573ee59d03518d26fac84745d2f9281f259500c3"}]}