{"is_source_file": false, "format": "", "description": "", "external_files": [], "external_methods": [], "published": [], "classes": [], "methods": [], "calls": [], "search-terms": [], "state": 2, "file_id": 13, "knowledge_revision": 28, "git_revision": "573ee59d03518d26fac84745d2f9281f259500c3", "hash": "ed87f0986ed05a71a6cf69cb9768e2a9", "format-version": 4, "code-base-name": "frontend_app", "filename": "frontend_app/src/styles.css", "revision_history": [{"28": "573ee59d03518d26fac84745d2f9281f259500c3"}]}