{"is_source_file": false, "format": "", "description": "", "external_files": [], "external_methods": [], "published": [], "classes": [], "methods": [], "calls": [], "search-terms": [], "state": 2, "file_id": 19, "knowledge_revision": 32, "git_revision": "573ee59d03518d26fac84745d2f9281f259500c3", "hash": "7d3465ee11a90f93aaf340848e66ce1e", "format-version": 4, "code-base-name": "frontend_app", "filename": "frontend_app/angular.json", "revision_history": [{"32": "573ee59d03518d26fac84745d2f9281f259500c3"}]}