{"is_source_file": false, "format": "", "description": "", "external_files": [], "external_methods": [], "published": [], "classes": [], "methods": [], "calls": [], "search-terms": ["eslint", "typescript-eslint/parser", "eslint.config.mjs", "eslint", "rules", "configuration"], "state": 2, "file_id": 18, "knowledge_revision": 35, "git_revision": "573ee59d03518d26fac84745d2f9281f259500c3", "hash": "9a89dca91155c7dbd9e00b0c719cb194", "format-version": 4, "code-base-name": "frontend_app", "filename": "frontend_app/eslint.config.mjs", "revision_history": [{"35": "573ee59d03518d26fac84745d2f9281f259500c3"}]}