{"is_source_file": true, "format": "TypeScript", "description": "This file configures the Angular application's core setup, including routing, zone change detection, and client hydration features.", "external_files": ["./app.routes", "@angular/core", "@angular/platform-browser"], "external_methods": ["provideZoneChangeDetection", "provideRouter", "provideClientHydration", "withEventReplay"], "published": ["appConfig"], "classes": [], "methods": [{"name": "provideZoneChangeDetection", "description": "Configures Angular's zone change detection with event coalescing."}, {"name": "provideRouter", "description": "Sets up routing for the Angular application with defined routes."}, {"name": "provideClientHydration", "description": "Enables client-side hydration with event replay to optimize server-side rendered applications."}, {"name": "withEventReplay", "description": "Configures event replay mechanism for hydration."}], "calls": ["provideZoneChangeDetection({ eventCoalescing: true })", "provideRouter(routes)", "provideClientHydration(withEventReplay())"], "search-terms": ["Angular application config", "provideRouter", "provideClientHydration", "appConfig", "hydration", "route configuration", "zone change detection"], "state": 2, "file_id": 7, "knowledge_revision": 37, "git_revision": "573ee59d03518d26fac84745d2f9281f259500c3", "ctags": [{"_type": "tag", "name": "appConfig", "path": "/home/kavia/workspace/code-generation/scalable-clean-architecture-template-233876-233886/frontend_app/src/app/app.config.ts", "pattern": "/^export const appConfig: ApplicationConfig = {$/", "language": "TypeScript", "kind": "constant"}], "hash": "ddcd5a984786347b39d244da3ac0d836", "format-version": 4, "code-base-name": "frontend_app", "filename": "frontend_app/src/app/app.config.ts", "revision_history": [{"37": "573ee59d03518d26fac84745d2f9281f259500c3"}]}