{"is_source_file": false, "format": "", "description": "", "external_files": [], "external_methods": [], "published": [], "classes": [], "methods": [], "calls": [], "search-terms": [], "state": 2, "file_id": 2, "knowledge_revision": 23, "git_revision": "573ee59d03518d26fac84745d2f9281f259500c3", "hash": "a88a471f435da6e3fe5e31affcd559af", "format-version": 4, "code-base-name": "frontend_app", "filename": "frontend_app/tsconfig.app.json", "revision_history": [{"23": "573ee59d03518d26fac84745d2f9281f259500c3"}]}