{"is_source_file": true, "format": "TypeScript", "description": "This file is an Angular application configuration file for the server-side setup, merging client and server configurations using Angular core functions.", "external_files": ["@angular/core", "@angular/platform-server", "./app.config"], "external_methods": ["mergeApplicationConfig", "provideServerRendering"], "published": ["config"], "classes": [], "methods": [{"name": "mergeApplicationConfig", "description": "Merges multiple application configuration objects into one."}, {"name": "provideServerRendering", "description": "Provides server rendering capabilities in Angular."}], "calls": ["provideServerRendering()", "mergeApplicationConfig(appConfig, serverConfig)"], "search-terms": ["app.config.server", "Angular server configuration", "mergeApplicationConfig", "provideServerRendering", "ApplicationConfig"], "state": 2, "file_id": 9, "knowledge_revision": 38, "git_revision": "573ee59d03518d26fac84745d2f9281f259500c3", "ctags": [{"_type": "tag", "name": "config", "path": "/home/kavia/workspace/code-generation/scalable-clean-architecture-template-233876-233886/frontend_app/src/app/app.config.server.ts", "pattern": "/^export const config = mergeApplicationConfig(appConfig, serverConfig);$/", "language": "TypeScript", "kind": "constant"}, {"_type": "tag", "name": "serverConfig", "path": "/home/kavia/workspace/code-generation/scalable-clean-architecture-template-233876-233886/frontend_app/src/app/app.config.server.ts", "pattern": "/^const serverConfig: ApplicationConfig = {$/", "language": "TypeScript", "kind": "constant"}], "hash": "9fcafd12104018b7fb74bad3e42a1977", "format-version": 4, "code-base-name": "frontend_app", "filename": "frontend_app/src/app/app.config.server.ts", "revision_history": [{"38": "573ee59d03518d26fac84745d2f9281f259500c3"}]}